제품명,사이즈,가격,이미지 파일명
Optimo H426,245-45R18,104500,Optimo_H426_245-45R18.png
Optimo H426,195-65R15,78300,Optimo_H426_195-65R15.png
Optimo H426,205-55R16,73200,Optimo_H426_205-55R16.png
Optimo H426,235-55R19,124600,Optimo_H426_235-55R19.png
Optimo H426,215-55R17,85200,Optimo_H426_215-55R17.png
Optimo H426,245-40R19,126700,Optimo_H426_245-40R19.png
Optimo H426,235-60R18,131000,Optimo_H426_235-60R18.png
Optimo H426,215-45R17,86500,Optimo_H426_215-45R17.png
Optimo H426,225-50R17,88700,Optimo_H426_225-50R17.png
Optimo H426,235-45R18,104900,Optimo_H426_235-45R18.png
Optimo H426,215-60R16,92100,Optimo_H426_215-60R16.png
Optimo H426,235-55R18,109700,Optimo_H426_235-55R18.png
Optimo H426,225-45R18,104200,Optimo_H426_225-45R18.png
Optimo H426,225-55R18,109100,Optimo_H426_225-55R18.png
Optimo H426,235-55R17,92900,Optimo_H426_235-55R17.png
Optimo H426,215-50R17,83100,Optimo_H426_215-50R17.png
